,link,name,price,rating,description,how_to_use,country_of_origin
0,https://goldapple.ru/19000383938-confidence,HERE TO FEEL Confidence,1 832₽,4.9,"Аромат-напоминание о той силе и уверенности, что кроется внутри каждого из нас.Древесная композиция CONFIDENCE со смелыми нотами кожи, бобов тонка и благородными нотами пачули и мускуса.","Перед каждым использованием свечи, кроме первого зажигания, подрезайте фитиль до 5 мм.Рекомендуем не жечь свечу более трех часов за раз.Не используйте свечу, когда на дне емкости остается 5мм воска.Прежде чем погасить свечу, убедитесь, что воск растопился до краев емкости.",Россия
1,https://goldapple.ru/19000299372-onice,SOMENS Onice,16 800₽,4.9,"Somens - объединение человека и вселенной через ароматы.Талисман, олицетворяющий силу воздуха. Вдохновение и новые идеи.Onice, как воздух, который спускается с горных вершин с ледяными пиками, передает сущность и ароматы удивительного ландшафта.Благодаря нотам мяты и апельсина, дарит нам энергию и глоток свежего воздуха.Кашемировое дерево, кедр и ноты элеми вдохновляют, где бы вы ни были: уединяясь с семьей дома, путешествуя по отдаленным уголкам мира или наслаждаясь жизнью на свежем воздухе.Он приносит самые яркие впечатления, известные человеку.Парфюмер: Люка Сьёзак — французский парфюмер, третьего поколения парфюмерной династии, автор ароматов для Amouage, Nishane, Givenchy, Carolina Herrera и многих других брендов как мейнстримового, так и нишевого направлений.","Нанести аромат легким движением на внутреннюю сторону запястья, за уши и на шею.",Испания
2,https://goldapple.ru/19000257262-bois-imperial-refillable-limited-edition,ESSENTIAL PARFUMS PARIS Bois imperial refillable limited edition,9 584₽,4.7,"Лимитированная версия аромата BOIS IMPERIAL — совместный выпуск ESSENTIAL PARFUMS и «Золотого Яблока».Парфюмер – Quentin Bisch. «Центром созданного мной аромата стала необыкновенная и редкая нота – акигалвуд. Эта уникальная древесная нота, украшенная свежими специями, играет на контрастах».Чувственный и свежий аромат ESSENTIAL PARFUMS с древесными, пряными и зелеными аккордами дополняют насыщенный гаитянский ветивер, пачули и нота Ambrofix со стойким звучанием амбры. Свежие листья базилика сочетаются с игривым ароматом перца Тимут, который раскрывает не только острую грань, но и свежую ноту, напоминающую грейпфрут. В составе парфюмерной воды – 93% натуральных ингредиентов.Создатели ароматов ESSENTIAL PARFUMS выбирают натуральные, экологически чистые материалы и стремятся снизить воздействие на окружающую среду.Флакон парфюмерной воды подходит для многоразового использования, и его можно пополнять из рефила.",Только для наружного применения.,Франция
3,https://goldapple.ru/19760310036-l-ame-slave,STATE OF MIND L'Ame Slave,8 040₽,5,"Древесный аромат L'Ame Slave – это воплощение таинственной, независимой и спонтанной славянской души. Глубокая композиция создана на основе нот бергамота и гевеи, к которым присоединяются василёк, степные травы, кедр и серёжки березы. Вдохновением для создания аромата стал Второй концерт для фортепиано с оркестром Сергея Рахманинова. Контрастный и чувственный L'Ame Slave потрясает и позволяет сердцу править, руководить разумом.Верхние ноты: бергамот, лимон, гевеяНоты сердца: имбирь, мёд, ванильБазовые ноты: пуэр, кедр, береза, сандал",нет информации,Франция
4,https://goldapple.ru/19000152452-of-the-wild,MANCERA Of the wild,22 990₽,4.7,"Добро пожаловать в фантазийное путешествие в мистические края, где воздух наполнен магическими ароматами.Нанесите аромат Of The Wild и почувствуйте, будто ваши шаги становятся легче и невесомее, ощутите, как с каждым шагом вы словно отрываетесь от земли. Представьте, что вы кружитесь в танце, а ваш партнер – это таинственная ночная мгла, она обнимает вас, укрывая своим крылом. Аромат погружает в транс, пробуждает чувства и создает вокруг вас обольстительную ауру.Композиция Of The Wild воплощает собой атмосферу ночи, наполненной соблазнами и фантазиями, и погружает вас в ароматный транс, в чувственный сон, отправляет в путешествие в страну грез, где тьма и свет идут рука об руку.","Парфюмерную воду следует наносить с расстояния 10-15 см на тепловые точки: под коленями, область живота, запястья, сгибы локтей, район солнечного сплетения, точки за ушами, основание шеи со стороны спины, затылок. Как правило на одну точку достаточно один раз нажать на спрей. Растирать парфюмерную воду не рекомендуется, так как это может нарушить правильный процесс раскрытия композиции. Для повышения стойкости рекомендуем наносить на хорошо увлажненную кожу, комбинируя с кремом, молочком или маслом для тела.",Франция
5,https://goldapple.ru/19000004549-perfume-vanilla-blend,ZIELINSKI & ROZEN Black Vanilla,2 690₽,4.7,"Я хочу, чтобы парфюм трогал до глубины души, говорил о личности и отражал ее уникальность.Эрез РозенЗамысловатая ольфакторная книга, сюжет которой раскрывается новыми гранями на каждом человеке. Необычные сочетания нот и оригинальное построение аккордов подчеркивают индивидуальность и раскрывают суть ярче любых слов.Все ароматы Zielinski&Rozen категории унисекс.Ароматы продукции Zielinski&Rozen изменили свое наименование без изменения состава.",Наносите парфюм по обе стороны плеч или распылите впереди себя и войдите в «облако» аромата.,Россия
6,https://goldapple.ru/19000215475,TUMI Awaken 08:00 gmt,12 735₽,4.6,"Парфюмерная вода AWAKEN [08:00 GMT] – это бодрящий и тонизирующий аромат, способный зарядить энергией на весь день. Современная свежая композиция TUMI с фужерными, цитрусовыми и древесными нотами подчеркивает уверенность и открытость миру.Добиться пробуждающего, воодушевляющего эффекта помогают ноты цитрусов, кориандра, кипариса, мускатного шалфея и еловых иголок. Идеальный выбор для гражданина мира, чья динамичная жизнь связана с точностью среднего времени по Гринвичу.",Только для наружного применения.,США
7,https://goldapple.ru/19000288004-java-haze,GROWER COSMETICS JAVA HAZE,4 129₽,4.9,"Коллекция интерьерных ароматов Grower - создающая незабываемое впечатление.Линейка посвящена разным прочтениям ноты конопли в парфюмерном искусстве. Она прослеживается во всех продуктах, перекликается контрастными направлениями и неожиданными сочетаниями.Аромадиффузор Grower cosmetics ""JAVA HAZE"" - уникальное сочетание ароматов, тропического острова Ява.Сладкая мята и пряная гвоздика создают свежий и бодрящий аромат, который добавляет теплоту и уют. Дымка сухого табачного листа и терпкой конопли разжигают атмосферу свободы. Аромат раскрывает в интерьере неповторимую индивидуальность, страсть к путешествиям и приключениям.Аромадиффузор Grower cosmetics ""JAVA HAZE"" - не просто ароматизатор, это способ создать уникальную атмосферу, которая будет радовать вас и ваших гостей.","При первом использовании опустите палочки в флакон на 30 минут, затем переверните их.Переворачивайте палочки каждые 10 дней.Регулируйте интенсивность аромата добавлением или уменьшение количества палочек.Разместите диффузор в месте активного движения воздуха, это позволит аромату равномерно распространиться по помещению.",Россия
8,https://goldapple.ru/19000136062-bois-imperial-by-quentin-bisch,ESSENTIAL PARFUMS PARIS BOIS IMPERIAL by Quentin Bisch,4 049₽,4.5,"Свеча ESSENTIAL PARFUMS PARIS из минерального воска помогает создать атмосферу уюта и наполняет помещение изысканным ароматом, объединившим уникальную древесную ноту акигалвуд, пряный аккорд и зеленое звучание ветивера и базилика.Чувственную парфюмерную композицию дополняют пачули и нота Ambrofix с выраженной амбровой гранью.Свеча с хлопковым фитилем рассчитана на 90 часов горения.","При первом использовании свечи зажгите ее на 1–2 часа, чтобы воск равномерно расплавился до краев стекла.Держите свечу вдали от сквозняков. Немного обрезайте фитиль перед каждым использованием.Перед использованием ознакомьтесь с мерами предосторожности.",Франция
9,https://goldapple.ru/19000196110-arilli-di-melagrana,WALLY 1925 Arilli di Melagrana,20 250₽,4.9,"Гранат – это идеальный аромат для Рождества, испокон веков он олицетворял плодородие и изобилие. Дарить гранаты на Рождество или вкушать его ягоды в кругу семьи в Новогоднюю ночь сулит удачу в будущем году. Его фруктовый аромат, деликатный и стойкий, дарит ощущение чистоты и свежести, будто свежевыжатый гранатовый сок.","Окуните все палочки во флакон;для более интенсивного распространения аромата переворачивайте палочки несколько раз в день. Регулировать аромат можно уменьшая или увеличивая число палочек.Палочки играют основную роль в интенсивности ароматизации, чем больше палочек, тем аромат насыщеннее.Для достижения лучших результатов, флакон не стоит никогда выставлять на прямой солнечный свет или ставить рядом с источниками тепла, так как под его воздействием происходит испарение аромата.",Италия
10,https://goldapple.ru/19000008797-travel-set-plush-onsen-voodoo,"MIN NEW YORK TRAVEL SET: PLUSH, ONSEN, VOODOO",9 138₽,4.6,"Открывайте для себя мир и новые ароматы! В набор для путешествий MIN NEW YORK входят 3 миниатюры парфюмерной воды: PLUSH (10 мл), ONSEN (10 мл) и VOODOO (10 мл). Объем, идеальный для поездок, позволит всегда носить любимый аромат с собой или брать его в путешествия. В композиции PLUSH ваниль, жасмин, ирис и апельсиновый цвет аккуратно собраны в букет, украшенный нотами роскошного мускуса и серой амбры. Их дополняют миндаль и гвоздика, а гальбанум усиливает металлические грани притягательного аромата. Композиция ONSEN стартует с нот бергамота, фенхеля, розмарина, тимьяна и эстрагона. В сердце этого необыкновенного зелья – сосновые иголки, кипарис и морской аккорд, а среди базовых нот – дубовый мох, ветивер и серая амбра. Аромат VOODOO с нотами ладана, герани, гальбанума, лайма и розового перца разжигает огонь влечения. Глубокая композиция построена вокруг нот, традиционных для бахура – восточной ароматической смеси. Среди них выделяются уд, пачули, сандал, роза, кожа и кардамон.",нет информации,Франция
11,https://goldapple.ru/19000208702-beso-feliz,BESO BEACH BESO FELIZ,5 436₽,4.5,"BESO FELIZ посвящен острову Ибица, который был пристанищем хиппи в 60-е годы.Аромат предлагает насладиться жизнью и проникнуться атмосферой гармонии, счастья. Аккорд каннабиса передает умиротворение и радость.Цветочные и бальзамические ноты символизируют любовь и свободу. Характер и личность композиции проявляются благодаря древесным нотам.",Распылите на кожу с расстояния 20-30 см.,Испания
12,https://goldapple.ru/19000235110-eden-the-absolute-happiness,FREESHAPE Eden,15 246₽,4.2,"Парфюмерный экстракт EDEN окутывает аурой позитива, поднимает настроение и пробуждает чувства. Он напоминает о том, что нужно наслаждаться простыми радостями жизни, находить удовольствие в каждом мгновении и взращивать внутреннее состояние абсолютного счастья.Благодаря пленительному сочетанию фруктовых нот аромат переносит в путешествие по богатому саду спелых фруктов и цветов. Композиция передает сочную сладость ягод, освежающий вкус цитрусовых, очарование экзотических фруктов и цветочных лепестков, гармонично подобранных для создания симфонии счастья.FreeShape — освободите душу и примерьте новый облик.",Для наружного применения.,Италия
13,https://goldapple.ru/19000008796-travel-set-coda,MIN NEW YORK TRAVEL SET: CODA,9 138₽,4.9,"В набор входят 3 миниатюры парфюмерной воды CODA от MIN NEW YORK (10 мл). Объем, идеальный для поездок, позволит всегда носить любимый аромат с собой или брать его в путешествия. Эту композицию открывают светлые ноты альдегидов, которые создают контраст с горячим и чувственным сердцем аромата. Сочные и сладкие сливы, цветочные и древесные ноты сочетаются с роскошной кожей и пленительным мускусом. Эта парфюмерная вода дарит чувство удовлетворения и баланса, оставаясь на грани между дерзостью рок-звезды и сдержанной элегантностью.",нет информации,Франция
14,https://goldapple.ru/19000010966-allegra-fantasia-veneta,BVLGARI Allegra Fantasia Veneta,24 505₽,5,"Шипровый фруктовый аромат Fantasia Veneta отражает ликование и радость, царящие на великолепных итальянских праздниках. Эта яркая композиция, в которой сочетаются пленительные пачули и сочный фруктовый аккорд, высвобождает чарующую энергию местных красочных фестивалей в незабываемом шипровом шлейфе. Праздничный аромат из коллекции Bvlgari Allegra, раскрывающей яркость и глубину итальянских эмоций, приятно удивляет роскошными, неожиданными всплесками нот. Декадентский аккорд красного персика окутывает изумительной феерией торжества. Это удивительное сочетание нот – верх экстравагантной итальянской элегантности, воплощение соблазна и опьяняющей чувственности. Усилить звучание фантазийной композиции и создать индивидуальное сочетание под своё настроение можно с помощью одной из эссенций коллекции Bvlgari Allegra, идеально дополняющих гармонию нот. Ваш персонализированный аромат начинается здесь!Ключевые ноты: пачули, красный персик",нет информации,Италия
15,https://goldapple.ru/19000295856-nutmeg-leather-vanilla-sinij,"TKANO Nutmeg, Leather & Vanilla, синий",2 658₽,4.9,"Свеча ароматическая с деревянным фитилем Nutmeg, Leather & Vanilla синего цвета из коллекции Edge с дизайном, вдохновленным русскими традициями, отлично подойдет для домашнего декора и создания в интерьере уютной, расслабляющей атмосферы.Фактурные грани и округлая поверхность фарфорового стакана отсылают нас к образу купола – символу духовного подъема и стремления к совершенству.Экологичные материалы, такие как соевый, кокосовый воск и фитиль из натурального дерева делают свечу безопасной для здоровья и окружающей среды.При горении она не выделяет вредных соединений и не коптит. Однако, во избежание перегрева стакана, рекомендуем не зажигать ее более, чем на 4 часа.Аромат свечи с нотами мускатного ореха, кожи и ванили понравится поклонникам селективной парфюмерии и всем, кто любит эксперименты и находит вдохновение в самой жизни. Ароматическая композиция ассоциируется с уверенностью, благородством и достатком.Размеры свечи: 8х8,5 см.Время горения: 60 часов.","-Регулярно подрезать фитиль, чтобы его высота не превышала 6-8 мм. Благодаря этому пламя будет ярким и ровным.-Не оставлять свечу на ветру или сквозняке – это может привести к неравномерному горению и, как следствие, – к образованию сильных подтеков.-Зажигать свечу, предварительно расположив ее на подсвечнике, если она идет без специального стакана.-Не оставлять горящую свечу без присмотра.-Использовать вдали от легковоспламеняющихся материалов.-Беречь от детей и домашних животных.",Россия
16,https://goldapple.ru/19000125771-pleine-lune,BASTILLE Pleine Lune,4 647₽,3.9,"Французская парфюмерная вода BASTILLE произведена на основе натуральных компонентов. Соблазнительный цветочный аромат PLEINE LUNE создан, чтобы очаровывать. Гипнотическая тубероза стала главной героиней этой элегантной парфюмерной истории.Её смелый и чувственный аккорд гармонично сочетается с невинным, свежим дуэтом чая маття и бергамота, превращающим звучание аромата в интригующую игру. Притягательная бархатная композиция одновременно манит и бросает вызов.Парфюмер – Anne Flipo.",Для наружного применения.,Франция
17,https://goldapple.ru/19000314069-marli-le-rua,12 PARFUMEURS FRANCAIS Марли-Ле-Руа,21 000₽,4.9,"Великолепный Марли-ле-Руа — небольшой королевский городок в регионе Иль-де-Франс.Сказочный район славится своим легендарным парком, прогулочным музеем, а также макетом замка, где жила королевская семья Людовика XIV.Прогуливаясь по тропинкам Марли-ле-Руа, легко окунуться в историю — живо разыгрывается ваше воображение, вдохновленное изумрудными прудами, извилистыми тропинками парка, величественными статуями и копиями знаменитых лошадей Марли.Сегодня город с богатым культурным наследием полон жизни, бурлит культурными событиями, привлекает единомышленников своей сильной энергетикой. Именно таким и стал одноименный парфюм – живым и энергетически сильным.Аромат раскрывается свежестью морского бриза, сладостью ванили и мускуса. В центре ноты арабского жасмина, иланг-иланга, мандарина и зеленого чая.Обилие редких растений королевского парка чувствуется в балансе аккордов бергамота, кардамона и лимона.Этот аромат полон жизни и горит искрами самых сильных эмоций!","Наносить на неповрежденные участки кожи, волос и одежду.",Франция
18,https://goldapple.ru/19000092354-nice-bergamote-by-antoine-maisondieu,ESSENTIAL PARFUMS PARIS NICE BERGAMOTE by Antoine Maisondieu,3 172₽,3.1,"Парфюмированное жидкое мыло ESSENTIAL PARFUMS PARIS мягко очищает руки и кожу тела, оставляя изысканный аромат. Средство с растительным глицерином питает кожу и не вызывает сухости после очищения. Экологичная и мягкая формула, подходящая даже для чувствительной кожи, на 98% состоит из натуральных ингредиентов. Игривый и солнечный аромат раскрывает ноты бергамота, жасмина, иланг-иланга и лепестков розы, а изысканный кедр и сладость бобов тонка дополняют яркую композицию.","нанесите на влажную кожу рук, вспеньте, затем смойте водой. Используйте в качестве геля для душа для очищения кожи тела.",Франция
19,https://goldapple.ru/19000312023-06-vanilla-spark,FOR ME BY GOLD APPLE 06. Vanilla spark,270₽,4.6,"Легкий парфюмированный крем с ароматом ванили, белого мускуса и амбры. Это атмосфера свидания в луна-парке, полного беззаботной радости: ваниль напоминает сладость крем-соды и сахарной ваты, а бархатный шлейф амбры и белого мускуса мысленно переносит в теплый романтический вечер.Он увлажняет руки, питает кожу и при продолжительном использовании делает ее менее чувствительной к окружающей среде. Благодаря легкой текстуре средство быстро впитывается, не создает маслянистое ощущение и не оставляет на предметах жирные следы.Крем подходит для сухой кожи — пантенол и сквалан быстро восстанавливают ее и возвращают мягкость. Нежность рукам придают также натуральные масла оливы и авокадо. А крепкую защиту рукам обеспечивают экстракт базилика и алоэ вера.",Нанесите крем массажными движениями на чистую сухую кожу рук.,Россия
20,https://goldapple.ru/19000010978-allegra-rock-n-rome,BVLGARI Allegra Rock'N'Rome,24 505₽,4.6,"Ликерный цветочно-восточный аромат Rock'N'Rome из коллекции Bvlgari Allegra, раскрывающей яркость и глубину итальянских эмоций, переносит на приятное свидание в Риме. Терраса с впечатляющим видом на итальянскую столицу, наслаждение от отдыха в хорошей компании, освежающий коктейль Апероль Спритц – эти ассоциации пробуждает дерзкое и соблазнительное сочетание нот османтуса и бензоина. Чарующий и волнующе сладкий, как романтическая встреча в Вечном городе, аромат BVLGARI переливается и искрится, раскрывая богатство эмоций и ощущений. Усилить его звучание и создать индивидуальную композицию под своё настроение можно с помощью одной из эссенций коллекции Bvlgari Allegra, идеально дополняющих гармонию нот. Ваш персонализированный аромат начинается здесь!Ключевые ноты: османтус, бензоин",нет информации,Италия
21,https://goldapple.ru/83810100017-voodoo,MIN NEW YORK VOODOO,19 278₽,4.7,"Проходит время, прежде чем моменты оборачиваются воспоминаниями. Аромат MiN NEW YORK Voodoo с нотами ладана, герани, гальбанума, лайма и розового перца разжигает огонь загадочного и необъяснимого влечения. Глубокая и насыщенная композиция построена вокруг нот, традиционных для бахура – восточной ароматической смеси. Среди них выделяются уд, пачули, сандал, роза, кожа и кардамон. Это характерное сочетание отражает единение тела и бессмертной души.",нет информации,Франция
22,https://goldapple.ru/19000173776-un-matin-a-l-orangerie,ROSE ET MARIUS Un matin à l’orangerie,7 110₽,4.4,"Прикоснитесь к искусству жизни в Провансе с уникальными композициями из Грасса. Парфюмерная вода Un matin à l’orangerie — неторопливое утро в оранжерее, наполненной зимним мягким светом и удивительной свежестью.Нежные белые цветы, кустарники юзу и мандариновые деревья, усыпанные яркими фруктами, хором источают аромат из столетних терракотовых горшков.Свежий и слегка острый аромат раскрывает все грани цитрусов от веточек до сочных плодов. Искрящийся аромат бергамота деликатно сочетается с апельсином, который украшают ноты клементина, юдзу и мандарина.Создатели работали над формулой 2 года, чтобы создать идеальную композицию с нотой белого мускуса, которая передает радость и бодрость.",Распылите на кожу на расстоянии 20-30 см.,Франция
23,https://goldapple.ru/19000330343-legends-of-the-wild-west,BOOMBLOOM legends of the wild west,1 638₽,4.8,"Аромат Legends of the wild west от BOOM BLOOM — путешествие во времени, пробуждающее образы бескрайних прерий и багряных закатов. В нем обольстительное сочетание нот пряного табачного листа, подкопченной кожи и землистой амбры.Деликатная нота белого меда уравновешивает композицию, а шлейф из аккордов бурбона и шафрана добавляет глубины и изысканности.«Легенды дикого Запада» из коллекции ароматов «Терапия души» — это костер, разожжённый под звездным небом, дым от которого смешивается с запахом сигар и текущего рекой бренди.Треск дров создает умиротворяющую мелодию, а в воздухе чувствуется неповторимый дух свободы.","Площадь ароматизации свечи весом 185 г — от 15 м². Для ароматизации большего пространства используйте несколько свечей. Не бойтесь экспериментировать и использовать разные ароматы одновременно.Подрежьте фитиль свечи до 5 мм., зажгите оба фитиля и оставьте гореть на 1- 3 часа, пока расплавленный воск не достигнет стенок сосуда. Не жгите свечу дольше трех часов подряд. Подрезайте фитиль перед каждым использованием. Попробуйте эти простые правила, чтобы продлить срок службы свечи.",Россия
24,https://goldapple.ru/19000191221-i-want,MARK BUXTON I want,10 902₽,5,"Яркий современный шипр от Mark Buxton отличается игривым и насыщенным фруктовым профилем, который раскрывается с верхних нот черной смородины и свежих ягод.В сердце интенсивной, оригинальной композиции – необычный цветочный букет, в котором собраны ирис, тубероза, жасмин, нероли, роза и магнолия. База аромата представляет собой сочетание древесного аккорда, пачулей и ветивера.Парфюмер – Марк Бакстон.",Только для наружного применения.,Франция
25,https://goldapple.ru/19000196057-fico-e-pera,LOGEVY FIRENZE 1965 Fico e Pera,16 500₽,4.9,"Два фрукта – груша и персик – создают аромат с взрывающиеся страстью и гармонией. Свежий нетривиальный дуэт, рождающий деликатный, элегантный и обволакивающий аромат. Здесь настолько гармонично сбалансирована сладость, горчинка и свежесть, в итоге получился идеальный аромат, который подойдёт и понравится абсолютно всем.","Окуните все палочки во флакон; для более интенсивного распространения аромата переворачивайте палочки несколько раз в день. Регулировать аромат можно уменьшая или увеличивая число палочек. Палочки играют основную роль в интенсивности ароматизации, чем больше палочек, тем аромат насыщеннее. Для достижения лучших результатов, флакон не стоит никогда выставлять на прямой солнечный свет или ставить рядом с источниками тепла, так как под его воздействием происходит испарение аромата.",Италия
26,https://goldapple.ru/19000117842-heliaca,LE COUVENT Heliaca,5 945₽,4.5,"Яркий древесно-пряный аромат HELIACA, созданный в традициях высокой французской парфюмерии, раскрывает удивительную мощь благородного уда.Лёгкую остроту насыщенному древесному аккорду добавляет нота имбиря, а кардамон придает композиции приятную свежесть. Символ этого аромата LE COUVENT – орёл, его свободный полёт и удивительно острый, пронзительный взгляд, от которого не ускользает ничто.Завораживающая, дикая сила этой хищной птицы впечатляет, как и природная гипнотическая сила уда.",Только для наружного применения.,Франция
27,https://goldapple.ru/19000236728-tobacco,FRANCK BOCLET TOBACCO,10 500₽,5,"Tabacco Franck Boclet - притягательный аромат для нее и для него. Семейство древесный, гурманский и восточный. Верхние ноты: имбирь, табак, слива. Ноты сердца: гвоздика, бобы тонка, кедр.",нет информации,Франция
28,https://goldapple.ru/19000059096-cirrus-leather,OJAR  Cirrus Leather,4 290₽,4,Воздушная кожа. Нежный мускус с оттенками зеленого чая и сандала.,"Парфюмерную воду следует наносить с расстояния 10-15 см. на тепловые точки: под коленями, область живота, запястья, сгибы локтей, район солнечного сплетения, точки за ушами, основание шеи со стороны спины, затылок. Как правило на одну точку достаточно один раз нажать на спрей. Растирать парфюмерную воду не рекомендуется, так как это может нарушить правильный процесс раскрытия композиции. Для повышения стойкости рекомендуем наносить на хорошо увлажненную кожу, комбинируя с кремом, молочком или маслом для тела.",Франция
29,https://goldapple.ru/19000247263-supul-silky-body-lotion,I'M FROM Supul silky body lotion,2 134₽,4.8,"Лосьон увлажняет и питает кожу, устраняет сухость и шелушения.Средство дарит чувственный цветочный аромат и помогает поддерживать гладкость и упругость кожи тела.","После душа или ванны нанесите лосьон на чистую и сухую кожу тела, распределите легкими массирующими движениями.",нет информации
30,https://goldapple.ru/19000125244-the-pleasure,CORETERNO The Pleasure,7 900₽,4.9,"Опыт удовольствия мгновенен, но это не значит, что мы не можем погружаться в него снова и снова.Удовольствие – это осязаемое проявление радости.Свеча с квинтэссенцией аромата розы.Этикетка с гравировкой на золотой фольге.Фитиль из 100% натурального хлопка.Время горения: более 60 часов.",Срезать фитиль на 5 мм перед каждым использованием.,Италия
31,https://goldapple.ru/19760328382-stardust,MIN NEW YORK STARDUST,19 278₽,5,"Каждый атом наших тел возник из взорвавшейся звезды. Произошедшие из космической звёздной пыли, мы создаем свое пространство в безграничной Вселенной. В каждом из нас заложены прекрасные сила и страсть, отражением которых стал аромат MiN NEW YORK Stardust. В композиции сочетаются ноты, способные очаровывать и притягивать, как и таинственный космос, который всегда интригует и манит людей. Необычная гармония жасмина, розы, флердоранжа и фиалки с альдегидами и базовыми нотами мускуса, мха и бобов тонка напоминает об удивительной силе внутри нас. Фиалка делает аромат более мягким и пудровым, флёрдоранж придаёт свежесть и легкую сладость, а тонкий мускус обеспечивает стойкость аромата.",нет информации,Франция
32,https://goldapple.ru/19760313142-dark-cherry-amber,BANANA REPUBLIC Dark Cherry & Amber,8 305₽,4.5,"Dark Cherry & Amber от Banana Republic – это восточный цветочный аромат, раскрывающий нежную сладость спелой и сочной вишни и розовой фрезии. В сердце композиции – вишнёвый цвет и гурманская нота пралине, которые формируют манящий и соблазнительный характер аромата. Древесный аккорд с белым кедром и амбра окутывают теплом и добавляют чувственность, перед которой невозможно устоять.Парфюмер – Claude Dir.",Только для наружного применения.,Франция
33,https://goldapple.ru/19000375028-valaya-exclusif,PARFUMS DE MARLY Valaya Exclusif,30 000₽,5,"Valaya Exclusif — это симфония вечной элегантности и чувственности. Воплощение изысканности, утонченности и непринужденного очарования; все одновременно.Этот идеальный баланс между белым матовым флаконом и соблазнительным сочетанием обволакивающего бархатистого миндаля и сливочно-белой древесины, с прозрачным ароматов цветов.Бархатистая мягкость обволакивает кожу, раскрывая чистоту и чувственность, контрастирует с соблазнительным теплом.",нет информации,Франция
34,https://goldapple.ru/19000239414-late-checkout,LERA NENA ATELIER PARFUMES Late checkout,8 990₽,3.7,"L.N Atelier Parfumes – артизанальная парфюмерия ручной работы от Lera Nena. Селективы созданы с особой идеологией: каждый аромат вызывает определенные ассоциации и возвращает в тот или иной момент жизни. Они раскрываются поэтапно и сохраняются на теле, подобно второй коже, до 8 часов, а на одежде – до 2 суток.Верхние ноты: зеленый перецНоты сердца: плющ, кориандр, корень ирисаБазовые ноты: ветивер, порох, белый мускус и дым","Распылять на расстоянии 20см на тело, одежду. Избегать попадания в глаза. Использовать в пищу опасно для жизни.",Россия
35,https://goldapple.ru/19000125769-demain-promis,BASTILLE Demain Promis,4 647₽,4.9,"День для себя – это любимая книга, просмотр сериала, теплая ванна и парфюмерная вода DEMAIN PROMIS. Окутывающая ароматическая композиция – словно эликсир расслабления во флаконе.Кажущийся знакомым и близким, но при этом чувственный аромат идеально подходит для беззаботных моментов отдыха. Приятная гармония нежных молочных нот, шалфея, розы, кардамона, сладких бобов тонка и кремового звучания сандала помогает отвлечься от всех забот, отложить дела и посвятить время себе.Французская парфюмерная вода BASTILLE создана на основе натуральных компонентов.Парфюмер – Caroline Dumur.",Для наружного применения.,Франция
36,https://goldapple.ru/19000383940-in-the-woods,HERE TO FEEL In the woods,1 832₽,4.9,"Позвольте своему внутреннему исследователю отправиться в путешествие по бескрайнему лесу после дождя, c шипровым ароматом IN THE WOODS c нотами амбры и дубового мха.","Перед каждым использованием свечи, кроме первого зажигания, подрезайте фитиль до 5 мм.Рекомендуем не жечь свечу более трех часов за раз.Не используйте свечу, когда на дне емкости остается 5 мм воска.Прежде чем погасить свечу, убедитесь, что воск растопился до краев емкости.",Россия
37,https://goldapple.ru/19000117847-nubica,LE COUVENT Nubica,3 755₽,4.5,"Чувственный древесно-амбровый аромат NUBICA, разработанный в традициях высокой французской парфюмерии, отражает чарующую грацию львицы, которая величественно и неторопливо гуляет по засушливой саванне.В основе соблазнительной композиции – деликатная сладость ванили и бобов тонка, притягательность которых усиливают пачули и свежесть мандарина.Парфюмерное воплощение кошачьей плавности и неторопливости, созданное LE COUVENT, пробуждает природную чувственность.",Только для наружного применения.,Франция
38,https://goldapple.ru/99000000279-rozovoe-sampanskoe,MATUS HOME Розовое шампанское,1 740₽,5,"Розовое шампанское - аромат игривого роскошества. Пробуждает воспоминания о ярких и радостных моментах, словно вы попали на настоящее праздничное событие.Восхитительный аромат романтичного напитка, как миллионы пузырьков в бокале, поднимается вверх и наполняет всю комнату запахом цветочно-фруктового букета.","Чтобы использование приносило только радость, прочитайте эти рекомендации перед использованием:- Берегите свечи от детей и животных! Не оставляйте зажженные свечи без присмотра.- Не оставляйте свечу зажжённой более 3-х часов подряд. После 3-х часов горения необходимо потушить свечу и дождаться полного застывания воска. В этом случае свеча будет гореть дольше и не будет перегреваться.- Прекратите использование свечи после того, как в стакане осталось менее 1,5 см воска. Использование свечи с меньшим количеством воска может привести к перегреву стакана и стакан может лопнуть.- Оптимальная длина фитиля от 3 до 5 мм. Перед повторным использованием рекомендуем подрезать фитиль. Так свеча не будет коптить и пламя будет аккуратным. Фитиль можно обрезать обычными ножницами.- Натуральный воск очень подвержен изменению температуры, поэтому не перегревайте и не переохлаждайте свечу при хранении.Не оставляйте свечу на сквозняке рядом с вентилятором или кондиционером (это также может привести к отслоению воска от стенок стакана.",Россия
39,https://goldapple.ru/19760310033-voluptuous-seduction,STATE OF MIND Voluptuous Seduction,8 040₽,4,"Роскошный цветочный аромат Voluptuous Seduction – это уникальный и щедрый букет благородных нот. Он собран из тёплого сочетания ройбуша и лилии, богатства розы и шиповника, необычной гармонии трюфелей и древесных базовых нот сандала и кедра, которые усиливают глубокий чарующий шлейф. Лучезарный, эмоциональный, чувственный аромат намекает на утонченное соблазнение, наделяющее властью.Верхние ноты: ройбуш, яблокоНоты сердца: роза, шиповник, лилияБазовые ноты: сандал, кедр",нет информации,Франция
40,https://goldapple.ru/99000019865-peony-s-aria,FIRE OPERA PEONY'S ARIA,2 290₽,4.9,"Ароматическая travel-свеча «PEONY'S ARIA» — это ария нежнейшего пиона.Цветочное пионовое сопрано с бесстрашными высокими нотами бергамота и красной смородины, с пронзительной интенсивностью магнолии и жасмина, с блеском белого чая и розовой воды.Ария звучит так утонченно и гармонично, перенося нас мысленно в цветущие сады, где огромные пионовые бутоны раскрываются перед нами, окутывая нежным ароматом.","Используя простые рекомендации, вы сможете получить 50 часов восхитительного горения ароматических свечей FIRE OPERA.Выберите идеальное место, чтобы насладиться ароматом свечей. Это должна быть ровная термостойкая поверхность.Извлеките стеклянный контейнер со свечой из тубуса и текстильного мешочка.Стеклянный контейнер свечи хрупкий, обращайтесь с ним осторожно.Вы можете использовать свечу как отдельно от тубуса, так и в нем, предварительно убрав текстильный мешочек.При первом использовании рекомендуется дать свече гореть около 2 часов.Поверхность свечи равномерно растопится и дойдет до температуры, когда аромат начнет насыщать пространство.Меры предосторожности: зажигайте свечи в пределах видимости и не оставляйте их непотушенными при уходе из дома; держите горящие свечи подальше от сквозняков и легковоспламеняющихся предметов; никогда не трогайте и не перемещайте свечи, когда они горят или когда воск находится в жидком состоянии; никогда не используйте свечи в качестве ночника или во время сна.",Россия
41,https://goldapple.ru/19000345441-yama-rouge,ORENS PARFUMS Yama Rouge,12 859₽,4.9,"Yama Rouge - Красная Гора.Ароматное путешествие к сакральной горе Фудзи в Японии, считающейся местом силы. Воплощение Фудзи в лучах заката, когда снежная вершина горы окрашивается в красный цвет лучами заходящего солнца.Yama Rouge – современный, гурманский и притягательный аромат, в котором оттенки роз и жасмина соединяются с древесными нотами.В сердце аромата раскрывается красота королевы цветов – розы, в то время как жасмин придаёт ей таинственное очарование.В ароматном шлейфе мускус и амбра сплетаются с сандалом, создавая чувственный и особенно соблазнительный эффект.Набор Yama Rouge 10мл*3шт.","Парфюмерную воду следует наносить с расстояния 10-15 см. на тепловые точки: под коленями, область живота, запястья, сгибы локтей, район солнечного сплетения, точки за ушами, основание шеи со стороны спины, затылок.Как правило на одну точку достаточно один раз нажать на спрей.Растирать парфюмерную воду не рекомендуется, так как это может нарушить правильный процесс раскрытия композиции.Для повышения стойкости рекомендуем наносить на хорошо увлажненную кожу, комбинируя с кремом, молочком или маслом для тела.",Франция
42,https://goldapple.ru/19000027003-tiare,SOLINOTES TIARE,1 122₽,4.3,"Фруктово-цветочный аромат SOLINOTES с экзотической нотой тиаре переносит на райские острова в Тихом океане и напоминает о безмятежном отдыхе на песчаном пляже, омываемом прозрачной водой. Ассоциации с отпуском в тропиках создают и пьянящие ноты кокоса, иланг-иланга и сочного персика. Изысканная ваниль, нежный мускус и древесный аккорд придают композиции мягкую сладость и элегантность. Парфюмерную воду можно сочетать с другими ароматами бренда, чтобы создать свой неповторимый микс любимых нот, или использовать отдельно, наслаждаясь расслабляющим звучанием ноты белоснежного цветка тиаре.",только для наружного применения.,Италия
43,https://goldapple.ru/83800200004-rose-magnetic,ESSENTIAL PARFUMS PARIS ROSE MAGNETIC,9 584₽,4.6,"Парфюмер – Sophie Labbé. «Я представляла дуэт эфирного масла розы и абсолюта турецкой розы. Сочетание, дополненное тонкой и чарующей базовой нотой мускуса, отражает многогранность и чувственность легендарного цветка». В игривом, пленительном и современном аромате Rose Magnetic отражены все грани самого чувственного из цветов. С его яркой женственностью контрастируют ноты грейпфрута и свежей мяты. Личи, кедр, мускус и ваниль усиливают гипнотическую притягательность композиции, основа которой – турецкая роза. Создатели парфюмерной воды ESSENTIAL PARFUMS выбирают натуральные, экологически чистые материалы и стремятся снизить воздействие на окружающую среду. Компания улучшает условия выращивания роз в Турции и помогает местным общинам получать более высокий и стабильный доход.",нет информации,Франция
44,https://goldapple.ru/19000196050-champagne-e-bacche-di-rosa,LOGEVY FIRENZE 1965 Champagne e bacche di rosa,12 100₽,4.9,"Игристая элегантность шампанского сочетается с изысканностью розовых ягод, создавая особенное и изысканное сочетание.","Окуните все палочки во флакон; для более интенсивного распространения аромата переворачивайте палочки несколько раз в день. Регулировать аромат можно уменьшая или увеличивая число палочек. Палочки играют основную роль в интенсивности ароматизации, чем больше палочек, тем аромат насыщеннее. Для достижения лучших результатов, флакон не стоит никогда выставлять на прямой солнечный свет или ставить рядом с источниками тепла, так как под его воздействием происходит испарение аромата.",Италия
45,https://goldapple.ru/19000203077-cedre,SOLINOTES Cedre,1 122₽,4.3,"Выразительный и успокаивающий аромат SOLINOTES с насыщенным древесным звучанием кедра способен мягко пробуждать жизненные силы. Благородную ноту кедра обрамляют свежесть бергамота, аккорд сплавной древесины и нежная нота водяного жасмина. Умиротворяющий эффект усиливают белый мускус и пачули в сочетании с амбровым деревом.Парфюмерную воду можно сочетать с другими композициями бренда, чтобы создать свой неповторимый микс любимых нот, или использовать отдельно, наслаждаясь богатым и расслабляющим звучанием древесных аккордов.",Только для наружного применения.,Франция
46,https://goldapple.ru/19000214428-gold-hair-perfume,SONO Gold hair perfume,2 765₽,3.8,"Парфюмированная дымка SONO дарит волосам ощущение свежести и роскошный аромат на весь день.Аргановое масло, известное как «золото пустыни», содержит множество ценных ингредиентов: витамины A и E, сквалан, жирные кислоты омега-3 и омега-6.Средство питает и укрепляет волосы, защищает от внешней среды и придает сияние.Подходит для всех типов волос.",Распылите дымку на волосы на расстоянии 15-20 см.,Италия
47,https://goldapple.ru/19000201883-raffaello,PANTHEON ROMA RAFFAELLO,17 500₽,5,"Он очень утонченный и эклектичный гений, в то же время сильный и конкретный. Профиль художника, сделавшего элегантность отличительной чертой своей работы. Изящество его штриха оставило неизгладимый след в истории искусства. Рафаэль —привлекательный, элегантный и страстный мужчина, полностью проживший свою историю любви. Обработка аромата проходит на двух уровнях: дистиллят чистого большого абсента и смесь перца, кожи, тикового дерева и бобов тонка. На первом уровне художник и его вибрация (абсент), на втором рассказывается вместо энергии (кожа, перец, тик и бобы тонка), с фоновым запахом, напоминающим цветные пигмент","Наносить на неповрежденные участки кожи, волос и одежду",Италия
48,https://goldapple.ru/19000148363-fig-infusion,ESSENTIAL PARFUMS PARIS Fig infusion,5 100₽,4.6,"Рефил для пополняемого флакона парфюмерной воды ESSENTIAL PARFUMS PARIS ""FIG INFUSION by Nathalie Lorson"". Парфюмер – Nathalie Lorson.«Я представляла себе искрящийся и светлый аромат, посвященный удовольствиям и радостям жизни. Мне хотелось создать композицию, которая вызовет ассоциации с послеобеденным отдыхом в уютном фруктовом саду и сладкой дремой в тени смоковницы».Успокаивающая композиция от ESSENTIAL PARFUMS PARIS построена вокруг ноты инжира, объединившей фруктовые, сливочные и зеленые оттенки. Сочность свежего фрукта подчеркивают итальянский мандарин, яркая нота черного чая и апельсиновый цвет. Тёплая нота сандала делает композицию более насыщенной, а бензоин, аромат которого напоминает сочетание ванили, амбры и корицы, придаёт изысканную сладость.Создатели парфюмерной воды ESSENTIAL PARFUMS PARIS выбирают натуральные, экологически чистые материалы и стремятся снизить воздействие на окружающую среду. Для производства аромата использовались натуральные цветы апельсина из Туниса, бензоин из Вьетнама и черный чай со Шри-Ланки.Сделать парфюмерию еще более экологичной и безопасной для окружающей среды позволяет формат рефила, благодаря которому основной флакон парфюмерной воды становится подходящим для многоразового использования.Флакон рефила создан из алюминия, подходящего для переработки.",Откройте оригинальный пополняемый флакон парфюмерной воды и наполните его из рефила. Только для наружного применения.,Франция
49,https://goldapple.ru/19000004553-black-pepper-amber-neroli,"ZIELINSKI & ROZEN Black Pepper, Vetiver, Neroli, Amber",2 690₽,4.8,"Я хочу, чтобы парфюм трогал до глубины души, говорил о личности и отражал ее уникальность.Эрез РозенЗамысловатая ольфакторная книга, сюжет которой раскрывается новыми гранями на каждом человеке. Необычные сочетания нот и оригинальное построение аккордов подчеркивают индивидуальность и раскрывают суть ярче любых слов.Все ароматы Zielinski&Rozen категории унисекс.У данного продукта меняется название аромата. Актуальное название : Black Pepper, Vetiver, Neroli, Amber.",Наносите парфюм по обе стороны плеч или распылите впереди себя и войдите в «облако» аромата.,Россия
50,https://goldapple.ru/19000321542-incenso-imperiale,TEATRO FRAGRANZE UNICHE INCENSO IMPERIALE,4 950₽,4.9,"Древесный аромат с восточными нотками, сочетающий в себе возвышенный и мистический аромат ладана в сочетании со специями и древесными аккордами.Современная интерпретация самого древнего и мистического аромата — ладана в сочетании с древесными аккордами.Верхние ноты возвышенны и священны - ладан и ладанник в окружении драгоценного уда и нежности фиалки.Древесные аккорды кедра и ветивера дают аромату силу и уверенность, а пудровые ноты белого мускуса выгодно оттеняют, придавая аромату элегантное звучание.Аромат источает восточное благоухание, которое уравновешивает все ощущения и дарит минуты гармонии и эйфории.Оживляет места, где ежедневно происходит движение – прихожую, коридор, а также для комнат медитации и учебы.",Спрей необходимо распылять на расстоянии 30-40 см. Может использоваться самостоятельно или служить дополнением к диффузору.,Италия
51,https://goldapple.ru/19000026986-fleur-de-coton,SOLINOTES FLEUR de COTON,1 122₽,4.4,"Деликатный аромат SOLINOTES окутывает нежностью хлопка, ощущением комфорта и уюта. Свежесть и чистота верхних нот бергамота и рисовой пудры постепенно рассеиваются, уступая главную роль цветочному сердцу аромата. В изысканном букете сочетаются жасмин и роза, окруженные мягким облаком из нот ванили и мускуса, которые придают одновременно чувственной и невинной композиции лёгкую сладость. Парфюмерную воду можно сочетать с другими ароматами бренда, чтобы создать свой неповторимый микс любимых нот, или использовать отдельно, наслаждаясь нежным хлопковым аккордом.",только для наружного применения.,Франция
52,https://goldapple.ru/83810100004-shaman,MIN NEW YORK SHAMAN,19 278₽,4.8,"Shaman от MiN NEW YORK – это чувственное любовное зелье из потустороннего мира. Его преподносит загадочный волшебник. Путешественник во времени. Страж священных сил. Лист фиалки, мандарин и кардамон приоткрывают завесу тайны и пропускают вперёд туманный ладан, мускатный орех, лабданум и абсолют розы. В базе мистического аромата – серая амбра, мёд и пачули.",нет информации,Франция
53,https://goldapple.ru/19000156531-verona,DIVINE AROMA Verona,18 000₽,4.2,"Чувственная восточно-древесная композиция с теплыми переливами нот янтаря раскрепощает, придает уверенности и настраивает на положительные эмоции.Свежее звучание листьев пачули и герани наполняет пространство гармонией и спокойствием.",Снимите крышку и вставьте палочки во флакон с парфюмерной композицией (набор палочек прилагается в комплекте с диффузором).Для улучшения диффузии аромата периодически переворачивайте их.При попадании ароматической композиции на поверхность мебели немедленно протрите насухо.,Россия
54,https://goldapple.ru/19000125894-my-mantra,FOR ME BY GOLD APPLE My Mantra,4 396₽,4.2,"Ароматический диффузор для дома, который наполнит помещение приятным ароматом. В каждом спрятана своя мини-история.Аромат My Mantra – история твоей медитации.Умиротворяющая дымность благовоний и шероховатые солнечные лучи, которые пробиваются через нее. Древесность индийского сандала переплетается с яркими нотами восточных пряностей и свежестью лемонграсса, успокаивая и настраивая на день.","Открыть рефил с жидкостью, перелить ее в декоративный флакон.Вставить в отверстие несколько палочек.Для оптимальной интенсивности аромата используйте 5 палочек из набора.Рекомендуем перевернуть палочки сразу после погружения, это позволит аромату раскрыться быстрее.",Россия
55,https://goldapple.ru/19000182852-all-seasons-white-rhino,BAOBAB COLLECTION All seasons white rhino,11 110₽,4.9,"Воск ароматической свечи «White rhino» своим цветом напоминает мифическое животное, которое вдохновило его. Его стекло имеет тонко переливающийся оттенок серого, который усиливает декоративный характер этой уникальной свечи.Всегда давайте свече гореть, пока верхний слой воска полностью не станет жидким, это препятствует образованию лунок на поверхности свечи.Приблизительное время горения составляет 60 часов.",Использовать для ароматизации помещения.,Румыния
56,https://goldapple.ru/24863500001-212vip-black,CAROLINA HERRERA 212VIP Black,11 630₽,4.8,"Парфюмерная вода Carolina Herrera 212VIP Black — мужская композиция, которая относится к категории фужерных ароматов. С 2017 года парфюмерная вода получила широкую известность. Отмечается, что 212VIP Black стал еще одним ароматом в известной доселе серии 212VIP. Отличительной его особенностью стало некое торжественное, вечернее исполнение. В парфюмерной композиции преобладают анис, фенхель, ваниль, мускус и лаванда. Carolina Herrera вместе с парфюмерами Carlos Benaim и Anne Flipo воплотили в жизнь задумку — создать аромат, основанный на игре противоположностей. В итоге получился интересный запах, в базовом звучании придающий образу мужчины элегантность и сбалансированность.",нет информации,Испания
57,https://goldapple.ru/19000244574-astronomy-domine,MIN NEW YORK Astronomy Domine,5 094₽,4.6,"Выйти за пределы ради нового опыта. Во вселенной, полной белого шума, необходимо путешествовать в потусторонние миры, чтобы выразить себя по-настоящему.Аромат MiN NEW YORK Astronomy Domine – это исследование незнакомого измерения, которое не подчиняется времени. Сочетание двух ключевых нот, ириса и кардамона, пробуждает чувства, воодушевляет и убеждает, что наш разум – это созвездие. Каждый из нас – звезда.Необыкновенное путешествие к неизведанному начинается с бергамота и белого перца и ведет к сердцу аромата, в котором гармонируют сандал, пачули, жасмин и кашмеран. В базе – амбра и мускус.",Только для наружного применения.,Франция
58,https://goldapple.ru/19000117831-aqua-mysteri,LE COUVENT Aqua Mysteri,2 820₽,4.3,"Яркий и таинственный аромат AQUA MYSTERI построен вокруг ноты флердоранжа, которая переносит в цветущий апельсиновый сад.Освежающая нота грейпфрута окутывает сладко-горькой вуалью, за которой тянется многогранный цветочный шлейф пальмарозы.Классическую композицию LE COUVENT дополняет древесный аккорд, в котором ярко звучит благородный кедр.Насыщенный и стойкий аромат, созданный на основе натуральных растительных эссенций, произведен в традициях французской высокой парфюмерии.",Только для наружного применения.,Франция
59,https://goldapple.ru/19000012429-study-23,MILLER ET BERTAUX Study #23,13 200₽,4.9,"Ароматная атмосфера Индии на закате. Солнце медленно опускается за горизонт... В воздухе смешиваются ароматы индийских благовоний, лепестков цветов, нагретых на солнце, тибетских кедровых углей, аромат которых доносится из лаунж-бара на ближайшем пляже. Играет спокойная музыка... На пляже несколько человек сидят в позе лотоса и медитируют, на их телах играют лучи заходящего солнца.",нет информации,Франция
60,https://goldapple.ru/19000358610-daisy-wild,MARC JACOBS Daisy Wild,16 279₽,5,"Погрузитесь в атмосферу беззаботного лета с этим ароматом, который воплощает в себе дух дикой природы и свободы.Этот аромат отражает неотразимую сущность природы с нотами жасмина, ветивера и цветов банана.Этот аромат идеально подходит для тех, кто ценит естественную красоту и стремится к гармонии с природой.","Нанесите парфюмерную воду на кожу в области запястий, шеи и за ушами.",Франция
61,https://goldapple.ru/83800100001-orange-x-santal,ESSENTIAL PARFUMS PARIS Orange X Santal,1 938₽,4.6,"Парфюмер – Natalie Gracia Cetto. «Я представила себе свежий и чувственный аромат, в котором искристые и сочные ноты горького апельсина из Италии играют с великолепным, нежным сандалом из Австралии». Orange X Santal – это светлый, радостный и чувственный аромат. Ноты горького апельсина и сандалового дерева, излучающие тепло и свет, переносят вас на побережье Италии. Сочная мякоть цитруса и лёгкая горечь его кожуры создают идеальную гармонию, которую дополняет зеленая нота базилика из Египта. Французский дубовый мох формирует шипровый аккорд, а кипарис из Франции и австралийский сандал закрепляют светлые верхние ноты. Создатели парфюмерной воды ESSENTIAL PARFUMS выбирают натуральные, экологически чистые материалы. Для производства Orange X Santal используется масло сандала, полученное в Западной Австралии. Это позволяет обеспечить постоянный доход для местных общин и стабильные поставки ценного ингредиента.",нет информации,Франция
62,https://goldapple.ru/19000175199-bois-de-santal-candle,FREDERIC MALLE Bois De Santal Candle,10 200₽,4.9,"Будучи ребенком, Фредерик Маль был поражен огромной статуей Будды, изготовленной из сандалового дерева, когда впервые зашел в одну парижскую квартиру. Его аромат, распространившийся по всей квартире, покорил юного Фредерика. Очарованный ароматом, Маль пронес это воспоминание и эмоции сквозь годы и впоследствии материализовал их в виде свечи Bois De Santal.Парфюмированная свеча изготовлена вручную из натурального очищенного воска, подобранного с учетом комбинации эфирных масел. Свеча трансформирует пространство в место тепла и уюта, наполняя комнату ароматом до 50 часов непрерывного горения, а выполненный в минималистичной цветовой гамме подсвечник без труда впишется в любой интерьер.Свеча источает аромат теплого сандалового дерева, характерного для буддистских храмов. Отправьтесь в путешествие до Индии и обратно, не выходя из собственной гостиной.",нет информации,Франция
63,https://goldapple.ru/19000117858-porto-bello,LE COUVENT Porto Bello,8 262₽,4.6,"Пленительный и чувственный аромат PORTO BELLO с древесным и гурманским аккордами – посвящение солнечной и живописной стране Панаме, расположенной между Карибским морем и Тихим океаном. Яркое сочетание нот сладкого апельсина, специй и ладана манит в парфюмерное путешествие к Панамскому заливу.Свежесть цитрусов смягчает насыщенную чувственность древесных нот, ладан делает композицию слегка дымной и обволакивающей, а коньячные ноты придают тонкую, изысканную сладость.Парфюмерная вода LE COUVENT, разработанная в традициях высокой французской парфюмерии, создана на основе благородных эссенций и посвящена путешествиям знаменитого французского ботаника Луи Фелье.",Только для наружного применения.,Франция
64,https://goldapple.ru/19000215487,TUMI Atlas 00:00 gmt,15 520₽,5,"В набор входят парфюмерная вода TUMI ""ATLAS [00:00 GMT]"" (100 мл), парфюмерная вода TUMI ""ATLAS [00:00 GMT]"" (30 мл) в объёме, удобном для путешествий, и парфюмированный гель для душа TUMI ""ATLAS [00:00 GMT]"" (200 мл), который очищает кожу тела и оставляет освежающий аромат.Изысканная, насыщенная и смелая парфюмерная композиция окутывает завораживающей свежестью. Звучание начинается с нот итальянского бергамота и кардамона, смягченных тонкой древесно-амбровой сладостью.Охлаждающий эффект усиливают герань и имбирь, которые сочетаются с лабданумом в сердце аромата. Базовые ноты ветивера и индийского сандала придают шлейфу мягкость и чувственность.","Только для наружного применения.Нанесите гель для душа на влажную кожу тела, распределите массирующими движениями, затем смойте водой.Парфюмерную воду наносите на точки пульсации.",США
65,https://goldapple.ru/19000157451-orgasm,OLINALAB'S Orgasm,2 477₽,2,"Атмосфера и настроение:Закройте глаза и представьте: вы входите в комнату, и вас окутывает теплый, слегка сладковатый аромат сандалового дерева, смешивающийся с легкими нотами белых цветов. Это сочетание наполняет пространство утонченностью и изысканностью. Добавление акцентов дыни и персика придает аромату свежесть и легкость, создавая ощущение весеннего утра, когда первые солнечные лучи пробиваются сквозь занавески. Этот аромат заставляет забыть обо всем на свете, погружая вас в состояние полного релакса и блаженства.Для кого:Orgasm – это аромат для тех, кто ценит изысканность и не боится экспериментировать. Он идеально подойдет как мужчинам, так и женщинам, которые хотят добавить в свой дом нотку чувственности.Время года:Orgasm раскрывается особенно ярко в весенне-летний период. Когда природа пробуждается после зимнего сна, и в воздухе витает ощущение возрождения. Он словно дополняет пробуждающуюся природу, принося в дом ощущение свежести и легкости. Летом, в жаркие дни, он создает атмосферу прохлады и умиротворения, благодаря своим свежим нотам дыни и персика.Общее впечатление:Сандаловое дерево обеспечивает глубину и стойкость, белые цветы добавляют изысканности и элегантности, а дыня с персиком вносят игривую сладость и чувственность. Этот аромат – словно объятия любимого, теплые и страстные, полные незабываемых мгновений.Он идеален для тех моментов, когда вы хотите отдохнуть от повседневной суеты, когда вам нужен источник вдохновения или когда просто хочется сменить атмосферу.Упаковка товара проходит редизайн. Внешний вид продукта может отличаться от фото.","Откройте флакон и герметичную пробку( сохраните ее на случаи отсутствия дома), поместите в него ротанговые палочки.Дайте время, пока палочки полностью пропитаются составом для полного раскрытия аромата.Периодически переворачивайте палочки для более ощутимого аромата.Регулировать яркость аромата можно количеством палочек во флаконе. Чем их больше, тем ярче аромат.",Россия
66,https://goldapple.ru/26375300002-lost-cherry,TOM FORD Lost Cherry,54 550₽,4.5,"Сладость. Соблазн. Неутолимое желание. Lost Cherry — насыщенный аромат, открывающий двери в некогда запретный мир. Его соблазнительная двойственность основана на контрасте игривой, блестящей и гладкой изнанки с сочной мякотью внутри», — Том Форд. Насыщенный и изысканный амбровый аромат Lost Cherry пронизан контрастами. Он переносит нас в место, где невинность пересекается с наслаждением, а сладость встречается с соблазном. Lost Cherry пробуждает неутолимое желание и будоражит фантазию, завершаясь величественным насыщенным шлейфом из чувственных нот перуанского бальзама, обжаренных бобов тонка, сандалового дерева, ветивера и кедра. Основные ноты: Черешня, масло горького миндаля, сироп из вишни «гриот», турецкая роза, перуанский бальзам и обжаренные бобы тонка.",нет информации,США
67,https://goldapple.ru/19000148357-nice-bergamote-by-antoine-maisondieu,ESSENTIAL PARFUMS PARIS Nice bergamote refillable,7 787₽,4.3,"Парфюмер – Antoine Maisondieu. «Я посвятил этот аромат аристократической красоте калабрийского бергамота. Лепестки жасмина и древесные ноты сделали эту красоту ещё более возвышенной, а бобы тонка смягчили парфюмерную композицию».Nice Bergamote – это игривый и солнечный аромат. Натуральный бергамот из Калабрии поражает яркостью, словно вспышка, и переплетается с цветочным аккордом, объединившим ноты иланг-иланга с Коморских островов, лепестков розы и жасмина. Изысканный кедр формирует тёплую базу, смягченную бобами тонка из Венесуэлы.Создатели парфюмерной воды ESSENTIAL PARFUMS выбирают натуральные, экологически чистые материалы и стремятся снизить воздействие на окружающую среду. Компания участвует в программе посадки деревьев на Коморских островах, где получает иланг-иланг, а в Венесуэле, поставляющей бобы тонка, соблюдает соглашение о защите местной фауны и поддерживает местные общины.Флакон парфюмерной воды подходит для многоразового использования, и его можно пополнять из рефила.В интернет-магазине представлен актуальный дизайн продукта.Обращаем внимание, возможно поступление товара в старом дизайне.",Только для наружного применения.,Франция
68,https://goldapple.ru/19000117850-theria,LE COUVENT Theria,5 945₽,4.4,"Чарующий цветочно-пудровый аромат THERIA, разработанный в традициях высокой французской парфюмерии, посвящен природной утонченности зебры. Её удивительный контрастный окрас – единство противоположностей, черного и белого.Так же и в изысканной, обволакивающей композиции LE COUVENT встречаются нежный пудровый дуэт ириса с нарциссом и свежая, яркая, пряная нота кардамона.Их необычную гармонию дополняют бодрящий бергамот и благородный кедр, придающие мягкому и уточенному аромату неповторимое, оригинальное звучание.",Только для наружного применения.,Франция
69,https://goldapple.ru/19000102327-kiss-my-name,RAMON MONEGAL Kiss My Name,19 800₽,5,"Открывается аромат Kiss My Name от Ramon Monegal очаровательным мотивом туберозы. Сердце образовано сочетанием аккордов благородной розы и интригующего ириса. Аромат отличает интенсивность, глубина и исключительная стойкость, что, впрочем, можно отнести насчет всех эликсиров, представленных парфюмерным домом. Длинный шлейф заставляет деликатно обращаться с ароматом, надевая его на работу. Вечером можно расслабиться и отпустить аромат не контролируя его, и окружающие точно останутся в восторге от его благоухания. Композиция превосходно звучит на представительницах прекрасного пола, а также мужественных, даже брутальных кавалерах.",нет информации,Испания
70,https://goldapple.ru/19000210504-butterfly-mind,STATE OF MIND Butterfly Mind,20 146₽,4.4,"Невесомый цветочно-фруктовый аромат Butterfly Mind вызывает ассоциации с природой, молодостью и лёгкостью.На его создание вдохновила красота весны и вечного начала. В этом светлом, романтичном и многогранном аромате нежность белого чая и цветков сакуры гармонирует с фруктовыми нотами фейхоа.Украшают праздничный букет чувственные вишня и мускус.",Только для наружного применения.,Франция
